,Features,baseMean,log2FoldChange,lfcSE,stat,pvalue,padj,group,pvalue_log10
1,unassigned,14952.88618,-0.805577192,0.46308493,-1.73958844,0.081931311,0.163900116,Not sig,1.0865500958484
2,Sideroxydans,6229.194239,-0.864271927,0.739221627,-1.16916483,0.242337228,0.364403388,Not sig,0.615579864141297
3,Desulfopila,4097.641301,-1.3256126,0.632096557,-2.097167886,0.035978716,0.091295992,Not sig,1.44395433971379
4,Rhizobium,2166.755269,0.448540842,0.785068334,0.571339873,0.567769279,0.662397492,Not sig,0.245828110087244
5,Geothrix,2301.465218,-0.623757153,0.63049855,-0.98930783,0.322512554,0.441628116,Not sig,0.491453375519223
6,Acinetobacter,1383.591043,3.272001632,0.843248096,3.880236014,0.000104355,0.001059205,Enriched,3.98148673758667
7,Geobacter,3024.479681,-1.601911954,0.540164111,-2.965602343,0.003020908,0.012515191,Not sig,2.51986250071174
8,Desulfovibrio,2200.706558,-1.676929634,0.758433623,-2.211043371,0.027032834,0.07316887,Not sig,1.56810842244614
9,Syntrophobacter,1476.864645,-1.341578068,0.863472608,-1.553700783,0.120255806,0.221995922,Not sig,0.91989394653092
10,Kineococcus,1486.798055,-1.228980975,0.518729145,-2.3692152,0.017825878,0.050623607,Not sig,1.74894907010643
11,Piscinibacter,918.7633212,0.628014912,0.580371338,1.082091534,0.279211857,0.399154979,Not sig,0.554066142924476
12,Rhodanobacter,558.160673,2.271304672,0.978579584,2.321021926,NA,NA,NA,NA
13,Desulfosporosinus,1251.410042,-3.230802422,0.866712486,-3.727651875,0.000193272,0.001783374,Depleted,3.71383105919597
14,Pleomorphomonas,922.9153127,-1.026184218,0.84485974,-1.214620806,0.22451075,0.350366411,Not sig,0.648762859320318
15,Chryseobacterium,425.2908038,3.833266486,1.014696375,3.777747297,NA,NA,NA,NA
16,Cellulomonas,463.1381803,0.559384834,0.559891447,0.999095158,0.317748597,0.438795681,Not sig,0.497916358371132
17,Devosia,443.0020813,-0.193113044,0.463364133,-0.416763038,0.676851741,0.754950018,Not sig,0.169506449655956
18,Pseudolabrys,443.0091032,0.164878598,0.288265041,0.57196876,0.567343139,0.662397492,Not sig,0.246154192784037
19,Actinospica,295.9833127,2.633791627,1.052892683,2.501481557,NA,NA,NA,NA
20,Desulfitobacterium,523.3826309,-2.324046981,0.757876707,-3.066523828,0.002165635,0.009557043,Depleted,2.66441473831252
21,Ktedonobacter,175.1977379,5.026671217,0.965635859,5.205555669,1.93e-07,6.54e-06,Enriched,6.71444269099223
22,Dechloromonas,174.8262478,2.925726206,0.536432994,5.454038503,4.92e-08,2.5e-06,Enriched,7.30803489723264
23,Streptomyces,240.4852083,1.318494336,0.692663452,1.903513652,0.056973554,0.132938293,Not sig,1.24432668848703
24,Ferritrophicum,152.7216067,2.025945543,0.83657747,2.421707034,0.015447799,0.046116223,Enriched,1.81113339004163
25,Bradyrhizobium,255.5035379,-0.549921086,0.373695152,-1.47157672,0.141135216,0.244875631,Not sig,0.850364607746535
26,Pseudomonas,193.1029973,0.845791256,0.839688928,1.007267368,0.313806307,0.436319728,Not sig,0.503338332043628
27,Shinella,223.5785054,-0.577153744,0.308958574,-1.86806191,0.061753442,0.137870866,Not sig,1.20933883078172
28,Lysinimonas,128.2034547,1.695066591,0.509072914,3.329712785,0.000869356,0.005346756,Not sig,3.06080234417827
29,Desulfocapsa,372.4118867,-2.607850578,0.535131086,-4.873293006,1.1e-06,3.18e-05,Depleted,5.95860731484177
30,Gemmatimonas,141.5566819,0.50144764,0.540420989,0.927883354,0.35346808,0.462929163,Not sig,0.451649799139442
31,Gaiella,120.9394849,1.912264483,0.442356941,4.322899234,1.54e-05,0.000240465,Not sig,4.81247927916354
32,Asticcacaulis,132.0556101,1.126016065,0.513454961,2.19301818,0.028306069,0.075607001,Not sig,1.5481204390117
33,Gemmobacter,211.3621239,-1.054466243,0.400895179,-2.630279182,0.008531477,0.028630934,Not sig,2.06897577569986
34,Flavisolibacter,121.3428919,-0.054180658,0.441388233,-0.122750571,0.902304617,0.933516504,Not sig,0.044646820386421
35,Hydrogenophaga,171.5013785,-1.218947774,0.415505632,-2.933649222,0.003350026,0.013334416,Not sig,2.47495182233249
36,Simplicispira,82.00563194,0.693610814,0.619557289,1.119526516,0.262915585,0.385924212,Not sig,0.580183669204071
37,Phenylobacterium,74.01142354,1.692841329,0.470269099,3.599729033,0.000318549,0.002487132,Not sig,3.49682375393201
38,Thiomonas,73.81635663,2.051744648,1.116602506,1.837488843,NA,NA,NA,NA
39,Rhodoferax,167.0544133,-2.129080061,0.641009551,-3.321448266,0.000895516,0.005346756,Depleted,3.04792665029554
40,Haliangium,182.7618188,-2.59171402,0.683417525,-3.792284988,0.000149267,0.001442919,Depleted,3.82603619563744
41,Novosphingobium,73.09084743,0.941055808,0.595385862,1.58058138,0.113973786,0.216230641,Not sig,0.943195025020354
42,Thiobacillus,80.98588133,2.359941098,0.777621108,3.034821295,0.002406782,0.010178684,Enriched,2.61856324519846
43,Nitrosospira,69.01306947,0.736574576,0.469753083,1.568003707,0.116880267,0.219691614,Not sig,0.932258804975075
44,Nocardioides,76.31842057,1.263223571,0.735807077,1.716786383,0.08601821,0.169531035,Not sig,1.06540959915941
45,Deinococcus,71.00800393,2.868865073,1.154746259,2.484411663,NA,NA,NA,NA
46,Pantoea,54.85186103,2.999276324,0.884311233,3.39165241,NA,NA,NA,NA
47,Sphingobium,47.73302793,1.615506616,0.554082255,2.915644027,0.003549552,0.013595455,Not sig,2.44982645714368
48,Caulobacter,83.35433166,-0.739546058,0.624192626,-1.18480422,0.236094864,0.360355318,Not sig,0.626913460446561
49,Propionivibrio,128.6328364,-1.962208993,0.728254768,-2.694399104,0.007051567,0.024262172,Not sig,2.15171436331601
50,Spirochaeta,61.59910557,0.002622493,0.659513577,0.003976404,0.996827297,0.996827297,Not sig,0.0013800778536918
51,Acidovorax,41.41074339,3.047622036,0.964353707,3.160274094,0.001576208,0.00830237,Enriched,2.80238647257509
52,Azospirillum,114.3531513,-3.044755104,0.507339156,-6.001419502,1.96e-09,1.99e-07,Depleted,8.70774392864352
53,Pelobacter,65.99335491,-0.831669764,0.657174568,-1.265523355,0.205683782,0.326201622,Not sig,0.68679995072425
54,Anaeromyxobacter,70.78175698,-1.209421453,0.4214394,-2.86973988,0.004108096,0.014891848,Not sig,2.38635941614995
55,Aggregicoccus,60.56072832,-0.635941151,0.548478469,-1.159464203,0.24626702,0.367589743,Not sig,0.608593744843959
56,Exiguobacterium,41.55188276,0.997425103,0.84822942,1.17589072,NA,NA,Not sig,NA
57,Ignavibacterium,44.59767583,0.3431938,0.55870791,0.614263363,0.539041308,0.640681421,Not sig,0.268377952533011
58,Arthrobacter,40.87148941,0.955590877,0.466074724,2.050295431,0.04033561,0.09985523,Not sig,1.3943113707867
59,Beutenbergia,52.61454924,-0.621140064,0.35755461,-1.737189357,0.082353753,0.163900116,Not sig,1.08431660450818
60,Chondromyces,28.40404903,2.13814235,0.876570124,2.439214265,0.014719238,0.044597094,Enriched,1.83211467240077
61,Ferruginibacter,35.0560299,1.137312203,0.635212617,1.790443346,0.073382667,0.158475335,Not sig,1.13440650841088
62,Holophaga,73.6981551,-2.429101626,0.431668674,-5.627236291,1.83e-08,1.24e-06,Depleted,7.73754891026957
63,Desulfoprunum,70.68404088,-2.167060059,0.506716518,-4.276671434,1.9e-05,0.000275077,Depleted,4.72124639904717
64,Azoarcus,48.30493897,1.413264178,0.90970367,1.553543451,0.120293357,0.221995922,Not sig,0.919758355186356
65,Legionella,23.52545882,2.712746424,0.511877015,5.299605854,1.16e-07,4.71e-06,Enriched,6.93554201077308
66,Rhodococcus,36.39845147,-0.062677908,0.468721677,-0.13372095,0.893623238,0.933516504,Not sig,0.0488455462443384
67,Vogesella,35.3896011,-0.337738838,0.879787367,-0.383886892,0.701062282,0.773454583,Not sig,0.154243397828792
68,Rudaea,26.89559768,0.988537365,0.463523605,2.132658088,0.032952784,0.086837535,Not sig,1.48210788836096
69,Dongia,28.03781592,0.362028765,0.674320294,0.536879534,0.591350829,0.682069422,Not sig,0.228154790025947
70,Sulfuriferula,27.84932714,0.334468662,0.704002878,0.475095589,0.634718842,0.711866989,Not sig,0.197418609209017
71,Delftia,25.28544735,0.987235234,0.691555661,1.427557157,0.153419362,0.261715383,Not sig,0.814119827615673
72,Mesorhizobium,28.33586947,0.203748738,0.344146419,0.592040849,0.553823235,0.653640213,Not sig,0.256628827895952
73,Roseiarcus,25.73936869,1.180724937,0.49892429,2.366541298,0.017955171,0.050623607,Not sig,1.74581045441968
74,Acidisoma,20.61103776,2.164527056,0.542330211,3.991160758,6.58e-05,0.000785141,Enriched,4.18177410638604
75,Clostridium_III,15.18961759,4.249364431,1.187434539,3.578609424,0.000345427,0.002597101,Enriched,3.46164371919263
76,Aeromonas,24.08969253,1.340854446,0.758417587,1.767963281,0.077067042,0.159638874,Not sig,1.113131309857
77,Terrimonas,19.16130207,0.886635699,0.709741296,1.249237861,0.211578088,0.332948464,Not sig,0.674529311842165
78,Armatimonas/Armatimonadetes_gp1,20.14088181,1.510439943,0.709910102,2.127649599,0.033366147,0.086837535,Not sig,1.4766939411801
79,Sphingomonas,20.38595417,0.417212169,0.514177251,0.811417013,0.417126232,0.522695217,Not sig,0.379732497628103
80,Demequina,29.13861596,-0.854609685,0.456825789,-1.870756216,0.061378879,0.137870866,Not sig,1.21198104761746
81,Burkholderia,20.72794027,1.041022466,0.554547445,1.877246888,0.060484264,0.137870866,Not sig,1.21835759967625
82,Methylovirgula,20.2444783,0.687890357,0.704805423,0.976000374,0.329064279,0.441628116,Not sig,0.48271925922849
83,Paracoccus,24.57725998,-0.015476733,0.863010147,-0.017933431,0.985691959,0.990571623,Not sig,0.00625878628430506
84,Acidothermus,15.91612724,2.157916473,0.654399278,3.297553261,0.000975312,0.005656808,Enriched,3.01085643229839
85,Porphyrobacter,17.37391082,1.139357101,0.554399236,2.055120257,0.039867391,0.09985523,Not sig,1.39938218448754
86,Serratia,21.45697579,-0.373270733,0.77852881,-0.479456544,0.631613876,0.711866989,Not sig,0.199548337492061
87,Flavihumibacter,13.21298878,2.149656963,0.695965636,3.088740094,0.002010072,0.009346468,Enriched,2.69678838604087
88,Mucilaginibacter,14.76848433,1.830855039,0.709504001,2.580471762,0.009866543,0.03230497,Not sig,2.00583498704797
89,Microbacterium,19.95821504,0.143092556,0.490012515,0.292018167,0.770272734,0.831730665,Not sig,0.113355474958377
90,Lysobacter,16.72475665,5.024340936,1.358720936,3.697846115,0.000217437,0.001839152,Enriched,3.66266655257458
91,Lacihabitans,30.14016076,-3.49132159,1.183536507,-2.949906125,0.003178705,0.012905542,Depleted,2.49774977495309
92,Niastella,10.55649121,1.801590291,0.967114969,1.862850177,0.062483348,0.137870866,Not sig,1.20423570802048
93,Sediminibacterium,14.84240124,0.081746945,0.824744456,0.099117908,0.921044654,0.944303357,Not sig,0.035719313868642
94,Altererythrobacter,16.01380435,0.084152938,0.712073114,0.118180194,0.905924883,0.933516504,Not sig,0.0429078114303215
95,Luteimonas,16.0868066,1.029842474,0.925256208,1.113034925,NA,NA,Not sig,NA
96,Conexibacter,12.01359275,1.789525267,0.57047912,3.136881268,0.001707553,0.008454468,Not sig,2.76762580755839
97,Pedomicrobium,27.01586502,-2.136373935,0.508204284,-4.203770026,2.63e-05,0.000355258,Depleted,4.58004425151024
98,Hyphomicrobium,21.90171775,-1.54121228,0.488217809,-3.156812906,0.001595037,0.00830237,Not sig,2.79722923818081
99,Metallibacterium,11.72674331,1.442153937,0.856834869,1.683117704,0.092352308,0.180264601,Not sig,1.03455224652434
100,Actinoplanes,21.85890993,-1.30624488,0.875380436,-1.492202505,0.135646066,0.237411938,Not sig,0.867592797105236
101,Phycicoccus,21.23783291,-1.775350127,0.516210956,-3.439194978,0.000583447,0.00394799,Not sig,3.23399858889533
102,Propionicimonas,12.37580834,3.235304197,1.054804506,3.067207409,0.002160689,0.009557043,Enriched,2.66540773904169
103,Desulfobulbus,27.07050704,-1.908666183,0.944910046,-2.019944852,0.043389108,0.1036234,Not sig,1.36261927807221
104,Pelomonas,10.26193413,2.015131497,0.62543045,3.221991347,0.00127303,0.007178474,Enriched,2.89516136171874
105,Sulfuricurvum,7.058128565,5.233873322,1.289003503,4.060402712,4.9e-05,0.000621537,Enriched,4.30980391997149
106,Lacibacter,32.1032557,-4.247088552,0.916295101,-4.635066308,3.57e-06,8.05e-05,Depleted,5.44733178388781
107,Massilia,13.05186786,-0.608097463,0.625131855,-0.972750721,0.33067721,0.441628116,Not sig,0.480595735271664
108,Ensifer,16.3033996,-1.264002452,0.765313253,-1.651614482,0.098613166,0.190652121,Not sig,1.0060650978435
109,Melioribacter,10.56346168,0.902912648,0.638266462,1.414632761,0.157176198,0.265889735,Not sig,0.803613220764277
110,Haematobacter,11.72616395,1.957205613,0.72600858,2.695843639,0.007021062,0.024262172,Not sig,2.1535971918793
111,Aquicella,10.23094187,0.980182502,0.551586593,1.777023799,0.075564324,0.159638874,Not sig,1.1216831985055
112,Prosthecomicrobium,21.9835204,-2.499661343,0.520933935,-4.798422935,1.6e-06,4.06e-05,Depleted,5.79588001734407
113,Rhodobacter,16.01948987,-1.305789609,0.573182706,-2.278138533,0.022718325,0.062321892,Not sig,1.6436236918903
114,Brevundimonas,17.07162968,-1.97945109,1.134114347,-1.745371704,0.080920188,0.163900116,Not sig,1.09194311691374
115,Sporichthya,7.575751189,2.551609054,0.695809555,3.667108389,0.000245309,0.001991908,Enriched,3.61028651792229
116,Flavobacterium,16.69040786,-1.944980006,0.619922185,-3.137458304,0.001704195,0.008454468,Not sig,2.76848071322033
117,Neochlamydia,8.347272307,2.70642463,0.729641442,3.709252892,0.000207872,0.001834694,Enriched,3.68220400544697
118,Ancalomicrobium,11.90643626,0.439614193,0.791483028,0.555430979,0.578599908,0.671175893,Not sig,0.237621639742816
119,Rhizobacter,13.00757964,-0.877901448,0.846240549,-1.037413592,0.299543146,0.419360405,Not sig,0.523540613274197
120,Bacillus,12.75993121,-1.317914778,0.929943503,-1.417198759,NA,NA,Not sig,NA
121,Clostridium_sensu_stricto,11.57965179,-0.09468068,0.7359472,-0.128651457,0.897633448,0.933516504,Not sig,0.0469009729203725
122,Phaeospirillum,10.14673642,-0.089165887,0.714457415,-0.124802242,0.900680113,0.933516504,Not sig,0.0454294263643933
123,Aminobacter,14.27864263,-1.28585014,0.631424923,-2.036426015,0.041707595,0.100793355,Not sig,1.37978485231054
124,Rhodoplanes,12.11707548,-0.687766439,0.508296631,-1.353080851,0.176029802,0.285872399,Not sig,0.754413799524086
125,Aquabacterium,12.34360895,-0.602062041,0.522405678,-1.152479894,0.249123927,0.369139834,Not sig,0.603584558834286
126,Tolumonas,7.646002357,0.930494635,0.840136982,1.107551096,0.268055734,0.385924212,Not sig,0.571774898313979
127,Duganella,7.816529158,0.159164857,1.080113105,0.147359435,0.882848322,0.933516504,Not sig,0.0541139040971308
128,Dyella,9.15976096,0.704923911,1.149421331,0.613285914,0.539687306,0.640681421,Not sig,0.267857796867133
129,Achromobacter,7.322342994,2.583221596,1.641444375,1.573749093,NA,NA,NA,NA
130,Pandoraea,8.427052981,0.688704886,1.067003937,0.645456743,0.518631242,0.630431989,Not sig,0.285141325168818
131,Nakamurella,7.357615674,0.551737035,0.560248322,0.98480801,0.324718385,0.441628116,Not sig,0.488493121666542
132,Methylosinus,6.934209003,1.265711113,0.601757364,2.103357912,0.035434495,0.091053195,Not sig,1.45057375227106
133,Aquincola,13.75407985,-2.126513607,0.484794819,-4.386419827,1.15e-05,0.000212655,Depleted,4.93930215964639
134,Mangrovibacterium,10.27359515,0.294662988,0.879402817,0.33507169,0.737571008,0.809334673,Not sig,0.132196162606647
135,Rubrivivax,16.2523052,-3.022759097,0.867494398,-3.48447103,0.000493111,0.003575054,Depleted,3.3070553094015
136,Curvibacter,9.852974265,-1.305587468,0.648013476,-2.014753576,0.043930475,0.103696355,Not sig,1.35723410088301
137,Stenotrophomonas,5.786238963,1.395955711,0.926190036,1.507202255,0.131758822,0.234623166,Not sig,0.880220296664552
138,Salinibacterium,5.697494337,1.15891561,0.83583643,1.386533977,0.165583913,0.273280766,Not sig,0.780981858581932
139,Magnetospirillum,12.78376337,-2.053001075,0.710478128,-2.889604894,0.003857263,0.014236807,Depleted,2.41372074859708
140,Thermomonas,5.58671769,1.610135765,0.636731494,2.52875157,0.011446902,0.036884462,Not sig,1.94131203527646
141,Bosea,9.107659453,-1.123080183,0.855696439,-1.312475,0.189359916,0.302677661,Not sig,0.722711947731828
142,Niveispirillum,19.29946405,-6.318930141,1.001919425,-6.306824666,2.85e-10,5.78e-08,Depleted,9.54515513999149
143,Azospira,4.976891776,1.465967391,0.982463493,1.492134213,0.135663964,0.237411938,Not sig,0.867535497324255
144,Cystobacter,4.012742328,3.357345303,0.996159698,3.370288227,0.000750896,0.004917158,Enriched,3.12442020913936
145,Dokdonella,4.497302681,1.025755432,0.87678366,1.169907104,0.242038355,0.364403388,Not sig,0.61611580738748
146,Bauldia,6.602211625,-0.607419104,0.64615959,-0.940045019,0.347194469,0.457665437,Not sig,0.459427201991838
147,Nitrospira,3.380152943,3.05602129,1.330019334,2.297726966,0.021577334,0.060002723,Enriched,1.66600221584467
148,Comamonas,5.267503993,0.3234621,0.617769858,0.523596443,0.600559256,0.684907466,Not sig,0.221444135165007
149,Hylemonella,3.834947816,4.344825949,2.783380578,1.560988814,NA,NA,NA,NA
150,Jatrophihabitans,4.282780792,2.101917695,0.857195976,2.452085351,0.014203097,0.043685283,Enriched,1.84761694692966
151,Silanimonas,4.241868419,1.298251682,0.788954364,1.645534573,0.099859619,0.191240591,Not sig,1.00061009526582
152,Steroidobacter,5.422963177,-0.046368141,0.92446211,-0.050156886,0.959997368,0.969549581,Not sig,0.0177299576527684
153,Terrabacter,4.680461847,0.71140445,0.771063481,0.922627601,0.356201307,0.463518367,Not sig,0.448304491324638
154,Arenimonas,5.984467661,-1.430611894,0.925247034,-1.546194522,0.122057596,0.223222451,Not sig,0.913435187994172
155,Chitinimonas,5.219540299,0.728983994,1.723926158,0.422862656,NA,NA,Not sig,NA
156,Sphingopyxis,4.730006439,0.424173961,1.042896971,0.406726621,0.684208786,0.758985703,Not sig,0.164811353292115
157,Aquaspirillum,4.074899721,0.818058569,0.970523202,0.8429047,0.399281745,0.508954347,Not sig,0.398720545119957
158,Ralstonia,4.133521359,0.589712134,0.743386548,0.79327792,0.427615918,0.53255234,Not sig,0.36894613655285
159,Escherichia/Shigella,2.308856519,3.628638854,1.479367362,2.452831492,0.014173672,0.043685283,Enriched,1.84851762168303
160,Amaricoccus,2.623907859,3.272882505,1.060414402,3.086418386,0.002025836,0.009346468,Enriched,2.69339571552949
161,Byssovorax,4.303291504,-0.072732655,1.12686953,-0.064543989,0.948537082,0.962765138,Not sig,0.022945686184723
162,Corallococcus,3.439261845,0.193574518,1.077831259,0.179596311,0.857469501,0.916138467,Not sig,0.066781318262409
163,Leeia,2.290843143,2.485459587,1.418739552,1.751878689,0.07979467,0.163619373,Not sig,1.09802611700637
164,Chitinophaga,3.741316713,-0.295372291,1.006308781,-0.293520534,0.769124307,0.831730665,Not sig,0.114003463213795
165,Limnobacter,3.048974932,1.337219722,1.251571389,1.068432639,0.285325401,0.405042352,Not sig,0.544659563698403
166,Mycobacterium,4.991693779,-0.961711298,0.625020403,-1.538687847,0.123880521,0.224533444,Not sig,0.906996976814207
167,Sporobacter,7.560126477,-2.313444666,0.74815552,-3.092197549,0.001986806,0.009346468,Depleted,2.70184453713919
168,Brucella,3.784098657,0.107788475,0.809506962,0.133153241,0.89407219,0.933516504,Not sig,0.0486274135833889
169,Halothiobacillus,4.754891693,-0.856994813,1.219651783,-0.70265532,0.482270578,0.589764623,Not sig,0.316709232380436
170,Modestobacter,4.540585659,-0.705655561,0.780993122,-0.903536204,0.366241383,0.473547775,Not sig,0.436232584684456
171,Kocuria,2.930198075,2.015149774,1.633080935,1.233955851,NA,NA,NA,NA
172,Leifsonia,3.353879823,2.016071771,1.079738113,1.867185891,0.061875633,0.137870866,Not sig,1.20848034511695
173,Pelotomaculum,3.781639756,-0.681102905,0.836952509,-0.813789191,0.415765728,0.522695217,Not sig,0.381151312873536
174,Solirubrobacter,1.722311614,3.217095477,1.346579338,2.389087213,0.016890292,0.048981848,Enriched,1.77236284226484
175,Vasilyevaea,4.963493413,-2.301903521,0.793638331,-2.900443982,0.003726344,0.014008295,Depleted,2.42871705539638
176,Alsobacter,3.701691633,-0.852615012,0.766577895,-1.112235322,0.266036984,0.385924212,Not sig,0.575057984306471
177,Cryobacterium,2.079774692,2.263155824,1.109087784,2.040556083,0.041294971,0.100793355,Enriched,1.38410283454056
178,Gimesia,1.58737989,3.07768032,3.012885199,1.021506004,NA,NA,NA,NA
179,Kinneretia,4.381845212,-1.718010011,1.234338147,-1.391847133,0.163968694,0.273280766,Not sig,0.785239062445532
180,Ferrovum,2.227213005,1.683542227,1.21315729,1.38773615,0.165217404,0.273280766,Not sig,0.781944206028682
181,Methylophilus,5.294672116,-2.38204581,0.780460693,-3.052102216,0.002272447,0.009815037,Depleted,2.6435062369843
182,Turneriella,3.641079863,-0.088577763,1.115677423,-0.079393704,0.936719476,0.955548008,Not sig,0.0283904499510049
183,Beijerinckia,4.237609336,-1.349862568,0.76150835,-1.772616898,0.07629221,0.159638874,Not sig,1.11751980446623
184,Pirellula,1.490193367,2.9868836,3.013513522,0.991163165,NA,NA,NA,NA
185,Roseomonas,2.697751843,0.736877805,0.96737089,0.761732457,0.4462197,0.552332921,Not sig,0.350451260111277
186,Methyloversatilis,5.343635054,-3.330783037,0.959808574,-3.47025764,0.000519959,0.003639715,Depleted,3.28403090016475
187,Oxalicibacterium,7.054009998,-3.568120468,1.067120277,-3.343691,0.000826718,0.00524449,Depleted,3.08264260644436
188,Paludibacter,3.792354725,-1.343424394,0.923032085,-1.455447125,0.145545518,0.250387629,Not sig,0.837001163896338
189,Ramlibacter,4.292369832,-1.459267441,0.821920596,-1.775436033,0.075825919,0.159638874,Not sig,1.12018231739435
190,Gallionella,1.747730574,1.453377891,1.104370293,1.316024074,0.188165963,0.302677661,Not sig,0.725458932546126
191,Phreatobacter,6.256629688,-6.097775279,1.565952245,-3.893972692,9.86e-05,0.001053632,Depleted,4.00612308505879
192,Phyllobacterium,2.148432475,0.72974686,0.86918522,0.839575781,0.401146283,0.508954347,Not sig,0.39669722759228
193,Parachlamydia,1.985397956,1.044871402,0.982897184,1.063052595,0.287758101,0.405658989,Not sig,0.54097244121659
194,Herbaspirillum,1.81551504,1.393742456,1.160693259,1.200784484,0.229834812,0.353458082,Not sig,0.638584190119143
195,Sterolibacterium,1.590789296,0.910960132,1.439769947,0.632712284,0.526921547,0.633067765,Not sig,0.278254041791855
196,Thauera,2.102730004,3.43256229,1.424110387,2.41032038,0.015938517,0.04689158,Enriched,1.79755209000885
197,Georgfuchsia,3.355739326,-1.237260211,0.901453159,-1.372517473,0.169902403,0.278146676,Not sig,0.769800478680926
198,Actinomadura,2.007458776,-0.259778695,0.908776358,-0.285855472,0.774988819,0.832395398,Not sig,0.110704563147406
199,Erythrobacter,3.776394675,-1.378366511,1.41605124,-0.973387454,0.330360772,0.441628116,Not sig,0.481011527681492
200,Aciditerrimonas,1.16247839,2.654906476,1.34650883,1.971696298,0.048644286,NA,Enriched,1.31296816679156
201,Ancylobacter,4.295939363,-4.488759058,1.010904065,-4.440341287,8.98e-06,0.000182327,Depleted,5.0467236633327
202,Methylocella,1.580859186,1.272783062,1.051478235,1.210470194,0.226098521,0.350366411,Not sig,0.645702278537611
203,Planctopirus,1.036656255,2.465803418,3.017986205,0.817036014,NA,NA,NA,NA
204,Curtobacterium,1.222750774,2.102711066,1.167742152,1.80066384,0.07175588,0.156628427,Not sig,1.14414250508983
205,Sandaracinus,1.366148646,0.616614636,1.297080416,0.47538659,0.634511451,0.711866989,Not sig,0.197560535805309
206,Blastomonas,1.38310395,2.245313401,2.564500785,0.87553625,NA,NA,NA,NA
207,Sporomusa,1.055791726,1.843724433,3.01949969,0.610605935,NA,NA,Not sig,NA
208,Carboxylicivirga,1.516132535,2.999029931,2.423130482,1.237667535,NA,NA,NA,NA
209,Yersinia,3.676567788,-4.915272335,1.248251137,-3.937727105,8.23e-05,0.000927677,Depleted,4.08460016478773
210,Planococcus,1.160967635,1.996971818,1.317263925,1.515999778,0.129519409,NA,Not sig,0.88766514594573
211,Xanthobacter,3.217901777,-3.355255255,1.149017016,-2.920109283,0.003499087,0.013595455,Depleted,2.4560452592461
212,Leptothrix,1.747474172,-0.91433184,1.06673274,-0.857133006,0.391371382,0.502837915,Not sig,0.407410934155477
213,Intrasporangium,1.760823511,-0.910895103,0.956273405,-0.952546728,0.34081978,0.452198792,Not sig,0.467475208225847
214,Labilithrix,1.185494215,0.391563624,1.764916185,0.221859614,0.82442317,NA,Not sig,0.0838498110925553
215,Aquisphaera,0.787820283,2.071831868,3.022603395,0.685446153,NA,NA,NA,NA
216,Methylobacterium,1.030035416,1.786261867,1.147101869,1.557195498,0.119424077,NA,Not sig,0.922908106589351
217,Telmatospirillum,1.308253939,0.608919985,1.162589339,0.523761886,0.600444166,0.684907466,Not sig,0.221527370485006
218,Zoogloea,1.157156463,0.11380294,1.361259096,0.083601233,0.933373486,NA,Not sig,0.029944540120502
219,Ottowia,1.684002778,-0.798141215,1.099239921,-0.726084634,0.467786888,0.575519626,Not sig,0.329951955568878
220,Jeotgalibacillus,0.921522395,1.617014579,1.717105644,0.941709431,0.346341425,NA,Not sig,0.460495560506668
221,Desulfovirga,3.630441017,-3.830844216,1.411696589,-2.713645584,0.006654732,0.023700186,Depleted,2.17686942978582
222,Pseudogulbenkiania,2.131549689,-3.298422984,1.332347364,-2.475647924,0.013299466,0.042184242,Depleted,1.87616579646969
223,Pseudonocardia,0.766218884,2.020564869,1.399784363,1.443482955,0.148884471,NA,Not sig,0.827150597820108
224,Psychrosinus,3.193887475,-5.053131821,1.923226007,-2.627424859,0.008603384,0.028630934,Depleted,2.0653306925405
225,Alcaligenes,0.73591018,1.953821275,1.427598153,1.368607315,0.171122056,NA,Not sig,0.766694010436933
226,Catenulispora,0.654979239,1.813323645,1.632328282,1.110881717,0.266619266,NA,Not sig,0.5741084715194
227,Emticicia,3.11405589,-5.551469587,1.746182307,-3.179203892,0.001476802,0.008102453,Depleted,2.83067772816244
228,Nevskia,0.713647745,1.16634784,1.579620418,0.738372223,0.460288289,NA,Not sig,0.336970074611518
229,Anaerovorax,1.082235229,0.399126037,1.356740643,0.294180055,0.76862032,NA,Not sig,0.114288138285383
230,Cellvibrio,0.975899265,0.934872192,1.466791196,0.637358742,0.523891196,NA,Not sig,0.280758899816504
231,Kineosporia,1.265414624,-0.73482591,1.161714025,-0.632535972,0.527036711,0.633067765,Not sig,0.27815913273918
232,Paenibacillus,0.896589434,0.10149474,1.501881833,0.067578379,0.946121267,NA,Not sig,0.0240531952962568
233,Anaerosolibacter,0.492114645,1.411052534,2.498917448,0.564665526,0.572301287,NA,Not sig,0.242375277442354
234,Simkania,0.717504605,1.192171179,1.495282349,0.797288338,0.425283592,NA,Not sig,0.371321372614734
235,Dysgonomonas,0.472060625,1.348245416,2.611071186,0.516357204,0.60560495,NA,Not sig,0.217810583724464
236,Labedella,0.84670408,-0.09207512,1.511709027,-0.060907964,0.951432507,NA,Not sig,0.0216220143944157
237,Lewinella,1.416975019,-1.9607561,1.766015971,-1.110270877,0.266882319,0.385924212,Not sig,0.573680197344334
238,Singulisphaera,0.48593262,1.381484649,3.034389528,0.455275974,0.648910709,NA,Not sig,0.187815058602488
239,Alicyclobacillus,0.578967404,0.847292454,1.679741859,0.504418253,0.613967494,NA,Not sig,0.211854621611492
240,Blastococcus,1.282050998,-2.182943494,1.424146905,-1.532807806,0.125323217,0.225138168,Not sig,0.9019684654707
241,Desulfonatronobacter,2.71321362,-5.799739445,1.332570318,-4.352295236,1.35e-05,0.000227901,Depleted,4.86966623150499
242,Angustibacter,1.114536147,0.636102822,1.788704375,0.355622109,0.722123584,NA,Not sig,0.141388471050447
243,Oscillochloris,0.7229953,1.908786007,2.470048058,0.772772821,0.439656841,NA,Not sig,0.35688616489088
244,Tetrasphaera,1.212234356,-0.471709301,1.608935692,-0.293180954,0.769383841,0.831730665,Not sig,0.113856939212239
